	MaxEStateIndex	MinEStateIndex	MaxAbsEStateIndex	MinAbsEStateIndex	qed	MolWt	HeavyAtomMolWt	ExactMolWt	NumValenceElectrons	MaxPartialCharge	MinPartialCharge	MaxAbsPartialCharge	MinAbsPartialCharge	FpDensityMorgan1	FpDensityMorgan2	FpDensityMorgan3	BalabanJ	BertzCT	Chi0	Chi0n	Chi0v	Chi1	Chi1n	Chi1v	Chi2n	Chi2v	Chi3n	Chi3v	Chi4n	Chi4v	HallKierAlpha	Ipc	Kappa1	Kappa2	Kappa3	LabuteASA	PEOE_VSA1	PEOE_VSA10	PEOE_VSA11	PEOE_VSA12	PEOE_VSA14	PEOE_VSA2	PEOE_VSA3	PEOE_VSA6	PEOE_VSA7	PEOE_VSA8	PEOE_VSA9	SMR_VSA1	SMR_VSA10	SMR_VSA4	SMR_VSA5	SMR_VSA6	SMR_VSA7	SMR_VSA9	SlogP_VSA10	SlogP_VSA11	SlogP_VSA2	SlogP_VSA3	SlogP_VSA4	SlogP_VSA5	SlogP_VSA6	TPSA	EState_VSA1	EState_VSA10	EState_VSA11	EState_VSA2	EState_VSA3	EState_VSA4	EState_VSA5	EState_VSA6	EState_VSA7	EState_VSA8	EState_VSA9	VSA_EState8	VSA_EState9	FractionCSP3	HeavyAtomCount	NHOHCount	NOCount	NumAliphaticCarbocycles	NumAliphaticRings	NumAromaticCarbocycles	NumAromaticRings	NumHAcceptors	NumHDonors	NumHeteroatoms	NumRotatableBonds	NumSaturatedCarbocycles	NumSaturatedRings	MolLogP	MolMR	fr_Al_OH	fr_Al_OH_noTert	fr_Ar_OH	fr_C_O	fr_C_O_noCOO	fr_aldehyde	fr_alkyl_halide	fr_allylic_oxid	fr_aryl_methyl	fr_benzene	fr_ester	fr_ether	fr_halogen	fr_ketone	fr_ketone_Topliss	fr_phenol	fr_phenol_noOrthoHbond
0	0.05224858039254991	-0.3940599815751304	0.05224858039254991	-0.558106985888968	0.46498330152511796	1.0094962560445315	1.0794543702413903	1.009584040620522	0.9127862087614392	0.14528423610576996	-0.04208954647561439	0.04208954647561439	0.14528423610576996	1.4428311679878545	1.4652989747407685	1.035523399372654	0.9317082547764001	0.9044058789651048	0.9372934471233674	0.524464497163744	0.524464497163744	1.1959645912209065	0.6385631796679305	0.6385631796679305	0.1123754073721726	0.1123754073721726	0.08117121367316428	0.08117121367316428	0.3987683010704677	0.3987683010704677	-1.2963165730548283	0.954718173453444	0.922959889205885	1.472341982868281	0.9708365662984161	0.9311173591272065	1.2685335466464203	1.2011275394916399	1.0411143408798462	-0.1796053020267749	-0.17960530202677483	0.5683830147530343	-0.17960530202677494	-1.3457750110251923	-0.7335141772147781	0.9155433310682441	0.2766981423582088	1.3293557312114772	1.7147586712927225	0.7173626148343399	-1.4352445839679915	1.326473064856146	-0.08167087398752279	-0.32200409305581895	-0.17960530202677494	-0.32200409305581895	1.1605959785129412	1.4953647325161912	0.7173626148343399	-1.6316044679618387	0.0917251067903235	1.3935433982290155	1.040594952789009	1.4930404105886665	-0.17960530202677494	1.2162041008356481	-0.1777859187600697	0.24422905220466412	-1.3442373540807608	0.5540715052569832	-1.2717480788174678	-1.0754408676245875	-0.17960530202677483	-0.17960530202677494	1.4460479233726198	-0.6392111502561652	1.0292157653005305	0.4540606875676312	1.4282075694760235	0.3220040930558185	0.3220040930558185	-0.32200409305581884	-0.32200409305581884	1.4282075694760235	0.4540606875676312	1.3434780052624795	2.0024950311034684	-0.0669349440752082	-0.0669349440752082	-1.5519729057540679	0.6580940458132415	0.5513594063321234	1.1415666424600375	-0.32200409305581884	1.6339706987435976	1.6339706987435976	5.388159060803243	-0.17960530202677488	0.16902079048377464	-0.32200409305581884	-0.32200409305581884	-0.17960530202677485	-0.17960530202677485	-0.17960530202677488	0.636244515987346	0.2583424532221112	-0.32200409305581884	-0.32200409305581884
1	-1.5425538087414008	0.7321215666209526	-1.5425538087414008	-0.5352153542169866	-0.31803004330255263	-0.8216079782545763	-0.9335441671914199	-0.8215560293595581	-0.6357714886895596	-2.2924360679345055	-0.048749328389495715	0.048749328389495715	-2.2924360679345055	-2.9716300616959974	-3.3860642218285686	-3.0406319286832044	-1.5822202468545676	-1.7552486396038511	-0.9192584458138258	-0.6222912100359278	-0.6222912100359278	-0.9698950086666079	-0.2013913559228761	-0.2013913559228761	0.21863078800958086	0.21863078800958086	0.5574324423194258	0.5574324423194258	0.45272926226806837	0.45272926226806837	2.3227228509995363	-0.6419388596103093	-0.6786612570159006	-0.6493161590753395	-0.3736046616586431	-0.838148828434911	0.37322797887302206	-1.4862698064007047	-1.1932619614699194	-0.1796053020267749	-0.17960530202677483	-1.7809334462261779	-0.17960530202677494	-1.0768256480251488	1.7706992616470765	-1.7258434294945464	1.9922266249791025	-0.801928241073303	-1.7343108033903238	0.7173626148343399	1.674546427606706	-0.7295601856708801	-1.6685068665579543	-0.32200409305581895	-0.17960530202677494	-0.32200409305581895	-0.2965508700327365	-1.981841317122199	0.7173626148343399	1.155642635602123	-2.1472129542396257	-0.7292655143187646	-0.7037939748342497	-0.8246097547217388	-0.17960530202677494	-0.3040660188153591	-2.4056859327009184	0.7959502223978226	1.816234166693872	-0.7480941487327601	-1.2717480788174678	0.31272591577707237	-0.17960530202677483	-0.17960530202677494	-1.1451963203207607	2.2297278837133807	-0.9402711929906078	0.4540606875676312	-0.8618493953734623	0.3220040930558185	0.3220040930558185	-0.32200409305581884	-0.32200409305581884	-0.8618493953734623	0.4540606875676312	-0.8485124243763027	-1.0504891966444423	2.008048322256248	2.008048322256248	0.47109095865286416	-0.7812998973082595	0.5513594063321234	1.1415666424600375	-0.32200409305581884	-1.7429020786598373	-1.7429020786598373	-0.17960530202677477	-0.17960530202677488	-1.140890335765479	-0.32200409305581884	-0.32200409305581884	-0.17960530202677485	-0.17960530202677485	-0.17960530202677488	-1.8292029834636199	-1.7438115592492507	-0.32200409305581884	-0.32200409305581884
2	-1.5560768410073964	0.6528099762832977	-1.5560768410073964	0.006553123575757633	-1.305374662812461	-0.875905213554662	-0.9335441671914199	-0.8758717107517318	-0.7765494611851049	-2.2924313887580836	-0.042762669545634055	0.042762669545634055	-2.2924313887580836	-1.0458583843171356	-0.6941492773907058	-0.23055514949317987	-0.37857956116827735	-1.260359761450643	-0.9192584458138258	-0.7711956718939217	-0.7711956718939217	-0.9698950086666079	-0.6434078948666488	-0.6434078948666488	-0.3618283327393349	-0.3618283327393349	-0.27339720566358044	-0.27339720566358044	-0.5219674468938811	-0.5219674468938811	1.5699626507962283	-0.6419388596103093	-0.7886772341203034	-0.8437276058069889	-0.6134983570830911	-0.8878980196519431	0.37322797887302206	-1.4862698064007047	-1.1932619614699194	-0.1796053020267749	-0.17960530202677483	-1.7809334462261779	-0.17960530202677494	1.24284625172354	0.5105182764533001	-1.7258434294945464	1.9922266249791025	-0.801928241073303	-1.7343108033903238	-0.36347062271759095	0.9026903193495006	-0.7295601856708801	-0.08167087398752279	-0.32200409305581895	-0.17960530202677494	-0.32200409305581895	-0.2965508700327365	-1.981841317122199	-0.36347062271759095	0.2502000856694572	0.0917251067903235	-0.7292655143187646	-0.7037939748342497	-0.8246097547217388	-0.17960530202677494	-0.3040660188153591	-1.4535626369660135	0.24182908837271985	0.762743659768994	0.44629052701717137	-1.2717480788174678	1.5309306286833162	-0.17960530202677483	-0.17960530202677494	-1.0593935307944895	0.9613548371163188	-0.9402711929906078	0.4540606875676312	-0.8618493953734623	0.3220040930558185	0.3220040930558185	-0.32200409305581884	-0.32200409305581884	-0.8618493953734623	0.4540606875676312	-0.8485124243763027	-1.0504891966444423	-0.0669349440752082	-0.0669349440752082	0.3862480010808962	-0.7846434372458261	0.5513594063321234	1.1415666424600375	-0.32200409305581884	-1.7429020786598373	-1.7429020786598373	-0.17960530202677477	-0.17960530202677488	0.16902079048377464	-0.32200409305581884	-0.32200409305581884	-0.17960530202677485	-0.17960530202677485	-0.17960530202677488	-1.8292029834636199	-1.7438115592492507	-0.32200409305581884	-0.32200409305581884
3	0.10883371118298515	0.7741140077939509	0.10883371118298515	-0.7795832575413058	-1.2256770303255504	-0.9844996841548365	-0.9335441671914199	-0.9845030735360791	-1.0581054061761956	-0.01097837178363823	1.693869841587857	-1.693869841587857	-0.01097837178363823	-1.8161670552686802	-1.8478271107212183	-1.4348737691460465	0.21913702957253464	-0.487485841550565	-0.9192584458138258	-0.9384514989272622	-0.9384514989272622	-0.9698950086666079	-1.055454673837089	-1.055454673837089	-0.9120338354656872	-0.9120338354656872	-0.8026658425470878	-0.8026658425470878	-0.9878782870024649	-0.9878782870024649	-0.10927164196499653	-0.6419388596103093	-1.0335264096320662	-1.2700295006722506	-1.1342378428120603	-0.9791879110796735	-1.5339018370252966	-0.2808229823168786	-0.07607381029503657	-0.1796053020267749	-0.17960530202677483	0.5683830147530343	-0.17960530202677494	0.03293790723891165	-0.7335141772147781	0.990366786965482	-1.438830340262685	-0.8943862073229621	0.5002944954847963	-0.36347062271759034	-0.5648426593452647	-0.7295601856708801	-0.08167087398752279	-0.32200409305581895	-0.17960530202677494	-0.32200409305581895	-1.158229397532782	0.3362960493033944	-0.36347062271759034	0.2502000856694572	0.0917251067903235	-0.9912485708956436	-0.7037939748342497	-0.9251525371708877	-0.17960530202677494	-0.9075572003300055	1.4403897489130155	0.3447567486486373	0.1664541982340407	-0.7480941487327601	-0.021248795714726584	0.31272591577707237	-0.17960530202677483	-0.17960530202677494	-0.7848246043104231	-0.30701820948074343	-0.9402711929906078	-1.556779500231878	-0.8618493953734623	0.3220040930558185	0.3220040930558185	-0.32200409305581884	-0.32200409305581884	-0.8618493953734623	-1.556779500231878	-0.8485124243763027	-1.0504891966444423	-0.0669349440752082	-0.0669349440752082	0.8284082956111533	-1.0632160397105705	-1.4594807814673856	-1.5806307357138984	-0.32200409305581884	0.5083464396091193	0.5083464396091193	-0.17960530202677477	-0.17960530202677488	0.16902079048377464	-0.32200409305581884	-0.32200409305581884	-0.17960530202677485	-0.17960530202677485	-0.17960530202677488	0.636244515987346	0.2583424532221112	-0.32200409305581884	-0.32200409305581884
4	0.12899572600538128	0.7312926429885345	0.12899572600538128	-0.9715176057518458	0.1033257101224505	-0.875905213554662	-0.9335441671914199	-0.8758717107517318	-0.7765494611851049	-0.40822471061797594	-0.04874932838949469	0.04874932838949469	-0.40822471061797594	-1.0458583843171356	-0.6941492773907058	-0.23055514949317987	-1.2605584952754432	-1.3800404072170627	-0.9192584458138258	-0.7059191235525981	-0.7059191235525981	-0.9698950086666079	-0.4152873906711716	-0.4152873906711716	-0.07846859130029699	-0.07846859130029699	0.20004585971407554	0.20004585971407554	0.12207069834839597	0.12207069834839597	1.4831057046189238	-0.6419388596103093	-0.8013614105792171	-0.8660290455455872	-0.6409218073188864	-0.8837937741487757	-0.5803369290761373	-0.2808229823168786	-1.1932619614699194	-0.1796053020267749	-0.17960530202677483	-0.6062752157365718	-0.17960530202677494	-1.0768256480251488	0.5618821337320636	0.03508107754731437	0.2766981423582088	-0.8481572241981324	-0.6170081539527638	0.7173626148343399	0.9407799382593233	-0.7295601856708801	-1.6685068665579543	-0.32200409305581895	-0.17960530202677494	-0.32200409305581895	-0.7273901337827591	-0.8227726339094023	0.7173626148343399	1.155642635602123	-2.1472129542396257	-0.8602570426072041	-0.7037939748342497	-0.8748811459463132	-0.17960530202677494	-0.8463479522214601	-0.5231047697028315	1.5044628468368015	0.762743659768994	-0.7480941487327601	-1.2717480788174678	0.31272591577707237	-0.17960530202677483	-0.17960530202677494	-1.0079118570787278	1.5955413604148492	-0.9402711929906078	-0.5513594063321234	-0.8618493953734623	0.3220040930558185	0.3220040930558185	-0.32200409305581884	-0.32200409305581884	-0.8618493953734623	-0.5513594063321234	-0.8485124243763027	-1.0504891966444423	2.008048322256248	2.008048322256248	0.6921711059179931	-0.9205861985406337	-0.4540606875676311	-0.21953204662693043	-0.32200409305581884	-0.617277819525359	-0.617277819525359	-0.17960530202677477	-0.17960530202677488	-1.140890335765479	-0.32200409305581884	-0.32200409305581884	-0.17960530202677485	-0.17960530202677485	-0.17960530202677488	-0.5964792337381369	0.2583424532221112	-0.32200409305581884	-0.32200409305581884
5	0.05224858039254991	0.18626574432288462	0.05224858039254991	-0.31153797882177064	1.6939018004883821	0.6328899856074719	0.6322673279277297	0.6328850821645063	0.6312302637703485	0.13463609062499052	-0.042354493888725746	0.042354493888725746	0.13463609062499052	0.8953194664807564	0.8440878337166448	0.6204966750615143	0.136525217934296	0.453648140412539	0.5973540548938736	0.5348187632698143	0.5348187632698143	0.6941897694985306	0.6031992409650956	0.6031992409650956	0.48514921804509137	0.48514921804509137	0.33456813186149165	0.33456813186149165	0.6471167540078007	0.6471167540078007	-0.340890165104476	0.16641923161370217	0.6350044355987026	0.9432712125719416	1.2429003314560219	0.6308977413954937	0.37322797887302206	-0.10914589844229526	1.0411143408798462	-0.1796053020267749	-0.17960530202677483	0.5683830147530343	-0.17960530202677494	0.03293790723891165	-0.18046947053603593	0.10990453344455137	0.2766981423582088	0.6189277404498841	0.5002944954847963	0.7173626148343399	-0.6029322782550857	1.326473064856146	-0.08167087398752279	-0.32200409305581895	-0.17960530202677494	-0.32200409305581895	0.6615724670935029	0.3362960493033944	0.7173626148343399	-0.6552424642632088	0.0917251067903235	0.6859404273797558	-0.2609473450805065	0.7204903554851982	-0.17960530202677494	1.7584860342417494	0.6934240213570753	-0.3122920456523829	-0.8870363086908366	-0.7480941487327601	-0.021248795714726584	0.31272591577707237	-0.17960530202677483	-0.17960530202677494	0.7253044913519437	-0.06542334346225538	0.6353183736423028	0.4540606875676312	0.6648552478595282	0.3220040930558185	0.3220040930558185	-0.32200409305581884	-0.32200409305581884	0.6648552478595282	0.4540606875676312	0.6128145287162189	0.9848336218541648	-0.0669349440752082	-0.0669349440752082	-0.6801823154338437	0.6037615218278208	0.5513594063321234	1.1415666424600375	-0.32200409305581884	0.5083464396091193	0.5083464396091193	-0.17960530202677477	-0.17960530202677488	0.16902079048377464	-0.32200409305581884	-0.32200409305581884	-0.17960530202677485	-0.17960530202677485	-0.17960530202677488	0.636244515987346	0.2583424532221112	-0.32200409305581884	-0.32200409305581884
6	0.11521098962487879	-1.4268022677846801	0.11521098962487879	-0.06576942241870969	-0.7013790644621053	1.0637934913446174	1.0794543702413903	1.063899722012696	1.0535641812569847	0.8109138484922026	-0.04232122688939479	0.04232122688939479	0.8109138484922026	0.8206587799116074	0.5334822632045829	0.06280451426841491	0.9173650236560337	0.9248569329788202	1.0409150517295693	0.8007410051670524	0.8007410051670524	1.01814415023518	0.736026387828048	0.736026387828048	0.671167349414003	0.671167349414003	0.6541744812069572	0.6541744812069572	0.5727752720091306	0.5727752720091306	-0.45669942667421576	0.5371062750530496	1.047806721097098	0.909087890502173	0.5134844245107202	0.9767623048410712	1.3267928868221814	1.0583247818158963	1.0411143408798462	-0.1796053020267749	-0.17960530202677483	0.5683830147530343	-0.17960530202677494	0.03293790723891165	-0.7335141772147781	0.03508107754731437	0.2766981423582088	1.3755847143363067	0.5002944954847963	-0.36347062271759034	0.07037801363659488	1.326473064856146	-0.08167087398752279	-0.32200409305581895	-0.17960530202677494	-0.32200409305581895	1.5115878708376902	0.3362960493033944	-0.36347062271759034	-0.6552424642632088	0.0917251067903235	1.5245349265174555	1.4371849906009315	1.5433118018132408	-0.17960530202677494	0.7024153523964979	-0.1777859187600697	-0.969340839953403	-0.8870363086908366	0.5540715052569832	0.15321896414324446	-1.0754408676245875	-0.17960530202677483	-0.17960530202677494	1.334504296988468	-0.06542334346225538	1.0292157653005305	1.4594807814673858	1.4282075694760235	0.3220040930558185	0.3220040930558185	-0.32200409305581884	-0.32200409305581884	1.4282075694760235	1.4594807814673858	1.3434780052624795	0.9848336218541648	-0.0669349440752082	-0.0669349440752082	-1.6200384073856466	0.8071323385301779	1.5567795002318778	1.1415666424600375	-0.32200409305581884	0.5083464396091193	0.5083464396091193	-0.17960530202677477	-0.17960530202677488	0.16902079048377464	-0.32200409305581884	-0.32200409305581884	-0.17960530202677485	-0.17960530202677485	-0.17960530202677488	0.636244515987346	0.2583424532221112	-0.32200409305581884	-0.32200409305581884
7	0.955823397282993	-1.514935969850593	0.955823397282993	0.3950569221796512	1.2512694749703774	1.0094962560445315	1.0794543702413903	1.009584040620522	0.9127862087614392	0.8112160651506334	0.03752916484350254	-0.03752916484350254	0.8112160651506334	0.509572585873483	0.22287669269252283	-0.2614351140996635	1.2096255431384209	1.334125059407493	1.0409150517295693	0.7171130916503822	0.7171130916503822	1.01814415023518	0.5134508073892814	0.5134508073892814	0.43243799138400996	0.43243799138400996	0.2955843407762651	0.2955843407762651	0.07262360170313974	0.07262360170313974	-1.2963165730548283	0.5371062750530496	0.922959889205885	0.6912680232255874	0.2615236902448451	0.9311173591272085	0.37322797887302206	2.2637716058997226	1.0411143408798462	-0.1796053020267749	-0.17960530202677483	1.7430412452426407	-0.17960530202677494	0.03293790723891165	-1.993695162408553	1.8708290404864119	-1.438830340262685	1.3293557312114772	1.6175971449223565	-0.36347062271759034	-0.6633884757107877	1.326473064856146	-0.08167087398752279	-0.32200409305581895	-0.17960530202677494	-0.32200409305581895	1.080748607087667	1.4953647325161912	-0.36347062271759034	-0.6552424642632088	0.0917251067903235	1.3935433982290155	0.9943383608471883	1.4930404105886665	-0.17960530202677494	1.7866357419280323	0.8552507325925952	-1.7131373320538932	-1.3442373540807608	0.5540715052569832	0.15321896414324446	-1.0754408676245875	-0.17960530202677483	-0.17960530202677494	1.4717887602305009	-0.6392111502561652	1.0292157653005305	0.4540606875676312	1.4282075694760235	0.3220040930558185	0.3220040930558185	-0.32200409305581884	-0.32200409305581884	1.4282075694760235	0.4540606875676312	1.3434780052624795	0.9848336218541648	-0.0669349440752082	-0.0669349440752082	-1.398958260120518	0.6678460372978056	0.5513594063321234	-0.21953204662693043	-0.32200409305581884	1.6339706987435976	1.6339706987435976	-0.17960530202677477	-0.17960530202677488	0.16902079048377464	-0.32200409305581884	-0.32200409305581884	-0.17960530202677485	-0.17960530202677485	-0.17960530202677488	1.8689682657128288	2.260496465693473	-0.32200409305581884	-0.32200409305581884
8	0.11547269373938415	0.6323602148704052	0.11547269373938415	-0.9023561496062588	-0.9011327407934223	-0.9302024488547492	-0.9335441671914199	-0.9301873921439054	-0.9173274336806503	-0.40821993059513145	-0.04276266954563303	0.04276266954563303	-0.40821993059513145	-0.2755497133655903	-0.6941492773907058	-0.23055514949317987	-0.03666252891952142	-0.876811173971213	-0.9192584458138258	-0.8548235854105919	-0.8548235854105919	-0.9698950086666079	-0.8573039296149468	-0.8573039296149468	-0.6589277120492103	-0.6589277120492103	-0.6307837882689294	-0.6307837882689294	-0.8526260108135506	-0.8526260108135506	0.730345504415616	-0.6419388596103093	-0.9112025807395299	-1.0581652832232606	-0.8763618544743862	-0.9335429653658088	-0.5803369290761373	-0.2808229823168786	-1.1932619614699194	-0.1796053020267749	-0.17960530202677483	-0.6062752157365718	-0.17960530202677494	1.24284625172354	-0.6982988514617127	0.03508107754731437	0.2766981423582088	-0.8481572241981324	-0.6170081539527638	-0.36347062271759095	0.16892383000211797	-0.7295601856708801	-0.08167087398752279	-0.32200409305581895	-0.17960530202677494	-0.32200409305581895	-0.7273901337827591	-0.8227726339094023	-0.36347062271759095	0.2502000856694572	0.0917251067903235	-0.8602570426072041	-0.7037939748342497	-0.8748811459463132	-0.17960530202677494	-0.8463479522214601	0.4290185260320741	1.607390507112719	-0.3602910552283979	-0.7480941487327601	-1.2717480788174678	1.5309306286833162	-0.17960530202677483	-0.17960530202677494	-0.9221090675524567	0.327168313817787	-0.9402711929906078	-0.5513594063321234	-0.8618493953734623	0.3220040930558185	0.3220040930558185	-0.32200409305581884	-0.32200409305581884	-0.8618493953734623	-0.5513594063321234	-0.8485124243763027	-1.0504891966444423	-0.0669349440752082	-0.0669349440752082	0.6073281483460242	-0.9239297384781984	-0.4540606875676311	-0.21953204662693043	-0.32200409305581884	-0.617277819525359	-0.617277819525359	-0.17960530202677477	-0.17960530202677488	0.16902079048377464	-0.32200409305581884	-0.32200409305581884	-0.17960530202677485	-0.17960530202677485	-0.17960530202677488	-0.5964792337381369	0.2583424532221112	-0.32200409305581884	-0.32200409305581884
9	0.030280129508326557	0.37822259638643274	0.030280129508326557	-0.22599096140278968	2.429506255113553	0.2019864798703264	0.18508028561406908	0.2018704423163168	0.2088963462837125	0.13459517153976625	0.03539002841908429	-0.03539002841908429	0.13459517153976625	-0.034828253693233474	0.1711090976071795	0.17088439039110773	-1.0710395637028585	0.13049906718800025	0.1789871967695194	0.30657526534470514	0.30657526534470514	0.3266396886963079	0.470414752399473	0.470414752399473	0.2794341566837368	0.2794341566837368	0.43652788709088747	0.43652788709088747	0.4372179881199602	0.4372179881199602	-0.22508090353473562	-0.11657822814984724	0.22367068050098202	0.5926739484571935	0.467460097003491	0.2850331779499163	-0.5803369290761373	-0.10914589844229526	1.0411143408798462	-0.1796053020267749	-0.17960530202677483	0.5683830147530343	-0.17960530202677494	0.03293790723891165	0.47530295070023476	0.10990453344455137	-1.438830340262685	-0.1377292334365392	0.5002944954847963	0.7173626148343386	-0.5648426593452647	1.326473064856146	-0.08167087398752279	-0.32200409305581895	-0.17960530202677494	-0.32200409305581895	-0.22836662236332086	0.3362960493033944	0.7173626148343386	0.2502000856694572	0.0917251067903235	-0.15265407175794415	-0.7037939748342497	-0.1023310908428449	-0.17960530202677494	0.7189451226076294	1.5429685330024985	-0.3122920456523829	0.1664541982340407	-0.7480941487327601	-0.021248795714726584	0.31272591577707237	-0.17960530202677483	-0.17960530202677494	0.12468496466804825	-0.06542334346225538	0.24142098198407516	-0.5513594063321234	-0.09849707375696705	0.3220040930558185	0.3220040930558185	-0.32200409305581884	-0.32200409305581884	-0.09849707375696705	-0.5513594063321234	-0.11784894783004196	0.9848336218541648	-0.0669349440752082	-0.0669349440752082	0.4126884221515092	0.41014269661002384	-0.4540606875676311	-0.21953204662693043	-0.32200409305581884	0.5083464396091193	0.5083464396091193	-0.17960530202677477	-0.17960530202677488	0.16902079048377464	-0.32200409305581884	-0.32200409305581884	-0.17960530202677485	-0.17960530202677485	-0.17960530202677488	0.636244515987346	0.2583424532221112	-0.32200409305581884	-0.32200409305581884
10	0.11641954560054518	-1.3405167948843641	0.11641954560054518	-0.012864465783655377	-1.2573927625351988	0.6871872209075576	0.6322673279277297	0.68720076355668	0.7720082362658939	0.8109138484922014	-0.04232128931435989	0.04232128931435989	0.8109138484922014	1.2188491082804054	1.1671176270491888	0.9577058885643137	0.8641637377087336	0.20015732280383572	0.6225481936052133	0.6561254207586136	0.6561254207586136	0.6656624813907541	0.8258174797011946	0.8258174797011946	0.6518280221777216	0.6518280221777216	0.7506097233584222	0.7506097233584222	0.8919108180374511	0.8919108180374511	0.49872698127613646	0.13462565331789997	0.759557052518621	0.7773368237633549	0.5074374092691454	0.6765426871093605	1.3267928868221814	1.0583247818158963	-0.07607381029503657	-0.1796053020267749	-0.17960530202677483	-0.6062752157365718	-0.17960530202677494	1.24284625172354	-0.04252643022544348	-0.9202046318708534	0.2766981423582088	0.6651567235747136	-0.6170081539527638	-0.36347062271759034	0.8422341218937985	1.326473064856146	-0.08167087398752279	-0.32200409305581895	-0.17960530202677494	-0.32200409305581895	1.0524880451308884	-0.8227726339094023	-0.36347062271759034	0.2502000856694572	0.0917251067903235	0.8169319556681951	1.4371849906009315	0.7707617467097725	-0.17960530202677494	-0.3371255592376217	-0.2586992743778297	-0.3122920456523829	-0.3602910552283979	-0.7480941487327601	0.15321896414324446	0.14276384528165634	-0.17960530202677483	-0.17960530202677494	0.5966003070625367	0.508364463331653	0.6353183736423028	1.4594807814673858	0.6648552478595282	0.3220040930558185	0.3220040930558185	-0.32200409305581884	-0.32200409305581884	0.6648552478595282	1.4594807814673858	0.6128145287162189	0.9848336218541648	-0.0669349440752082	-0.0669349440752082	-0.7482478170654214	0.7527998145447551	1.5567795002318778	1.1415666424600375	-0.32200409305581884	-0.617277819525359	-0.617277819525359	-0.17960530202677477	-0.17960530202677488	1.478931916733028	-0.32200409305581884	-0.32200409305581884	-0.17960530202677485	-0.17960530202677485	-0.17960530202677488	-0.5964792337381369	0.2583424532221112	-0.32200409305581884	-0.32200409305581884
11	-0.3215944724247454	0.7116718052080602	-0.3215944724247454	-0.09751904170752033	0.10332571012244808	-0.8759052135546636	-0.9335441671914199	-0.8758717107517318	-0.7765494611851049	-0.5472781798478599	-0.0382174995337974	0.0382174995337974	-0.5472781798478599	-1.4310127197929083	-1.463267832944382	-1.0334342292617589	-1.2711609658112475	-1.3800404072170631	-0.9192584458138258	-0.7059191235525981	-0.7059191235525981	-0.9698950086666079	-0.4385270353284928	-0.4385270353284928	-0.03214609883610677	-0.03214609883610677	0.32569452886981604	0.32569452886981604	0.14063717911364598	0.14063717911364598	1.4831057046189238	-0.6419388596103093	-0.8013614105792171	-0.8660290455455872	-0.6409218073188864	-0.8837937741487757	-0.5803369290761373	-0.2808229823168786	-1.1932619614699194	-0.1796053020267749	-0.17960530202677483	-0.6062752157365718	-0.17960530202677494	-1.0768256480251488	0.459154419174538	0.1847279893417889	0.2766981423582088	-0.8481572241981324	-0.6170081539527638	0.7173626148343399	0.9407799382593216	-0.7295601856708801	-1.6685068665579543	-0.32200409305581895	-0.17960530202677494	-0.32200409305581895	-0.7273901337827591	-0.8227726339094023	0.7173626148343399	1.155642635602123	-2.1472129542396257	-0.8602570426072041	-0.7037939748342497	-0.8748811459463132	-0.17960530202677494	-0.8463479522214601	-0.5231047697028309	0.8474140525357813	1.289488913231433	-0.7480941487327601	-1.2717480788174678	0.31272591577707237	-0.17960530202677483	-0.17960530202677494	-1.0079118570787278	1.5955413604148492	-0.9402711929906078	-0.5513594063321234	-0.8618493953734623	0.3220040930558185	0.3220040930558185	-0.32200409305581884	-0.32200409305581884	-0.8618493953734623	-0.5513594063321234	-0.8485124243763027	-1.0504891966444423	2.008048322256248	2.008048322256248	0.6921711059179927	-0.9205861985406337	-0.4540606875676311	-0.21953204662693043	-0.32200409305581884	-0.617277819525359	-0.617277819525359	-0.17960530202677477	-0.17960530202677488	-1.140890335765479	-0.32200409305581884	-0.32200409305581884	-0.17960530202677485	-0.17960530202677485	-0.17960530202677488	-0.5964792337381369	0.2583424532221112	-0.32200409305581884	-0.32200409305581884
12	-1.6300345980736377	0.6818264479410435	-1.6300345980736377	0.2284856371409886	0.6302034279734104	-1.3622910132988437	-1.2692628724373332	-1.3621825115381825	-1.4804393236628317	-0.9616449975028545	-2.1769061971522228	2.1769061971522228	-0.9616449975028545	0.16737777243154625	0.8440878337166448	1.7164266189456225	0.3841067184127125	-0.564686587072598	-1.3628194426495213	-1.7323660792978475	-1.7323660792978475	-1.2884947180797492	-1.968655162456472	-1.968655162456472	-2.1978165921004975	-2.1978165921004975	-2.3020141582383	-2.3020141582383	-2.2834011257295517	-2.2834011257295517	-0.39879479588934524	-0.6857518780412192	-1.4955504971085558	-1.3684674403784338	-1.5313499240739645	-1.450752989183984	0.37322797887302206	-0.2878542380231672	-1.1932619614699194	-0.1796053020267749	-0.17960530202677483	-1.7809334462261779	-0.17960530202677494	-1.247552416180366	1.0214858517991972	-1.7258434294945464	0.2766981423582088	-0.801928241073303	-1.7343108033903238	-2.4332857120762568	-1.4957007814236936	-0.7295601856708801	2.3262618749151964	3.0053715351876433	-0.17960530202677494	3.0053715351876433	-0.7811109968689384	-0.4296219937737164	-2.4332857120762568	-1.038888244325055	1.3506172806770111	-0.7292655143187646	-0.7037939748342497	-0.8246097547217388	-0.17960530202677494	-0.8463479522214601	-0.4476186855813713	-1.0208046700913613	1.1488166835364588	-0.7480941487327601	1.2252771241166485	0.14082847037633978	-0.17960530202677483	-0.17960530202677494	-1.0851343676523708	-1.7867867638439832	-1.3341685846488356	0.4540606875676312	-0.8618493953734623	-3.0053715351876424	-3.0053715351876424	3.0053715351876424	3.0053715351876424	-0.8618493953734623	0.4540606875676312	-0.8485124243763027	-1.0504891966444423	-2.1419182104066645	-2.1419182104066645	0.3206247873393741	-1.479263859274845	-0.4540606875676311	-0.21953204662693043	3.0053715351876424	-1.7429020786598373	-1.7429020786598373	-0.17960530202677477	-0.17960530202677488	-1.140890335765479	3.0053715351876424	3.0053715351876424	-0.17960530202677485	-0.17960530202677485	-0.17960530202677488	-1.8292029834636199	-1.7438115592492507	3.0053715351876424	3.0053715351876424
13	-1.6137862344007783	-0.009023728070298349	-1.6137862344007783	0.6683005568399244	-0.8883850556954761	-0.9313875075616966	-0.8220758301236734	-0.9311678716899928	-1.0581054061761956	-0.9616449975028488	-2.1769061971522228	2.1769061971522228	-0.9616449975028488	0.4947589575859533	0.8440878337166448	1.3752030100439743	0.36336037479045563	-0.24399252024740545	-0.9444525845251662	-1.5041225813727384	-1.5041225813727384	-0.9209446372775264	-1.8358706738908497	-1.8358706738908497	-1.9885141758877825	-1.9885141758877825	-2.267588940841266	-2.267588940841266	-2.258591589420798	-2.258591589420798	-0.514604057459085	-0.6351973486788751	-1.0925050441505417	-1.0163917423361835	-0.7805605796604629	-1.1048884257384057	1.3267928868221814	-0.2878542380231672	-1.1932619614699194	-0.1796053020267749	-0.17960530202677483	-1.7809334462261779	-0.17960530202677494	-1.247552416180366	0.3657134305629278	-1.7258434294945464	1.9922266249791025	-0.045271267186880015	-1.7343108033903238	-2.4332857120762568	-1.5337904003335145	-0.7295601856708801	2.3262618749151964	3.0053715351876433	-0.17960530202677494	3.0053715351876433	0.1088280925878854	-0.4296219937737164	-2.4332857120762568	-1.944330794257721	1.3506172806770111	0.10932898481893479	0.18189928467323663	-0.0017883083936960462	-0.17960530202677494	-1.388629885627561	0.5045046101535337	-0.3122920456523829	-0.4314190768508573	0.5520027407032125	-0.02323547735040965	0.14082847037633978	-0.17960530202677483	-0.17960530202677494	-0.4845148409684746	-1.7867867638439832	-0.9402711929906078	1.4594807814673858	-0.09849707375696705	-3.0053715351876424	-3.0053715351876424	3.0053715351876424	3.0053715351876424	-0.09849707375696705	1.4594807814673858	-0.11784894783004196	-1.0504891966444423	-2.1419182104066645	-2.1419182104066645	-0.7722459502459788	-1.2856450340570502	0.5513594063321234	1.1415666424600375	3.0053715351876424	-1.7429020786598373	-1.7429020786598373	-0.17960530202677477	-0.17960530202677488	-1.140890335765479	3.0053715351876424	3.0053715351876424	-0.17960530202677485	-0.17960530202677485	-0.17960530202677488	-1.8292029834636199	-1.7438115592492507	3.0053715351876424	3.0053715351876424
14	0.027805379824171018	0.7631314017992389	0.027805379824171018	-0.659618838680666	1.0812552010146905	-1.416588248598931	-1.2692628724373332	-1.4164981929303562	-1.621217296158377	-0.4082152835755682	-2.1769061971522228	2.1769061971522228	-0.4082152835755682	0.5717898246811075	1.247875075382323	2.1379381358241245	0.7690660852449299	-0.17037805118783356	-1.3628194426495213	-1.8159939928145177	-1.8159939928145177	-1.2884947180797492	-2.182551197204769	-2.182551197204769	-2.494915971410374	-2.494915971410374	-2.659400740843649	-2.659400740843649	-2.6140596896492228	-2.6140596896492228	-1.2384119422699578	-0.6857518780412192	-1.6168019209700297	-1.5852103537147824	-1.7882957336447667	-1.496397934897849	-0.5803369290761373	0.9175925860606589	-1.1932619614699194	-0.1796053020267749	-0.17960530202677483	-0.6062752157365718	-0.17960530202677494	-1.247552416180366	-0.18733127611581574	0.03508107754731437	-1.438830340262685	-0.8481572241981324	-0.6170081539527638	-2.4332857120762568	-2.2294672707710763	-0.7295601856708801	2.3262618749151964	3.0053715351876433	-0.17960530202677494	3.0053715351876433	-1.2119502606189612	0.72944668943908	-2.4332857120762568	-1.038888244325055	1.3506172806770111	-0.8602570426072041	-0.7037939748342497	-0.8748811459463132	-0.17960530202677494	-1.388629885627561	1.4349624774167156	-0.3122920456523829	0.09532617661158158	-0.7480941487327601	1.2252771241166485	0.14082847037633978	-0.17960530202677483	-0.17960530202677494	-0.9478499044103387	-2.4562058717702095	-1.3341685846488356	-0.5513594063321234	-0.8618493953734623	-3.0053715351876424	-3.0053715351876424	3.0053715351876424	3.0053715351876424	-0.8618493953734623	-0.5513594063321234	-0.8485124243763027	-1.0504891966444423	-2.1419182104066645	-2.1419182104066645	0.5417049346045016	-1.6185501605072172	-1.4594807814673856	-1.5806307357138984	3.0053715351876424	-0.617277819525359	-0.617277819525359	-0.17960530202677477	-0.17960530202677488	-1.140890335765479	3.0053715351876424	3.0053715351876424	-0.17960530202677485	-0.17960530202677485	-0.17960530202677488	-0.5964792337381369	0.2583424532221112	3.0053715351876424	3.0053715351876424
15	0.12899572600538128	0.7312926429885345	0.12899572600538128	-0.9715176057518458	0.1033257101224505	-0.875905213554662	-0.9335441671914199	-0.8758717107517318	-0.7765494611851049	-0.40822471061797594	-0.04874932838949469	0.04874932838949469	-0.40822471061797594	-1.0458583843171356	-0.6941492773907058	-0.23055514949317987	-1.2605584952754432	-1.3800404072170627	-0.9192584458138258	-0.7059191235525981	-0.7059191235525981	-0.9698950086666079	-0.4152873906711716	-0.4152873906711716	-0.07846859130029699	-0.07846859130029699	0.20004585971407554	0.20004585971407554	0.12207069834839597	0.12207069834839597	1.4831057046189238	-0.6419388596103093	-0.8013614105792171	-0.8660290455455872	-0.6409218073188864	-0.8837937741487757	-0.5803369290761373	-0.2808229823168786	-1.1932619614699194	-0.1796053020267749	-0.17960530202677483	-0.6062752157365718	-0.17960530202677494	-1.0768256480251488	0.5618821337320636	0.03508107754731437	0.2766981423582088	-0.8481572241981324	-0.6170081539527638	0.7173626148343399	0.9407799382593233	-0.7295601856708801	-1.6685068665579543	-0.32200409305581895	-0.17960530202677494	-0.32200409305581895	-0.7273901337827591	-0.8227726339094023	0.7173626148343399	1.155642635602123	-2.1472129542396257	-0.8602570426072041	-0.7037939748342497	-0.8748811459463132	-0.17960530202677494	-0.8463479522214601	-0.5231047697028315	1.5044628468368015	0.762743659768994	-0.7480941487327601	-1.2717480788174678	0.31272591577707237	-0.17960530202677483	-0.17960530202677494	-1.0079118570787278	1.5955413604148492	-0.9402711929906078	-0.5513594063321234	-0.8618493953734623	0.3220040930558185	0.3220040930558185	-0.32200409305581884	-0.32200409305581884	-0.8618493953734623	-0.5513594063321234	-0.8485124243763027	-1.0504891966444423	2.008048322256248	2.008048322256248	0.6921711059179931	-0.9205861985406337	-0.4540606875676311	-0.21953204662693043	-0.32200409305581884	-0.617277819525359	-0.617277819525359	-0.17960530202677477	-0.17960530202677488	-1.140890335765479	-0.32200409305581884	-0.32200409305581884	-0.17960530202677485	-0.17960530202677485	-0.17960530202677488	-0.5964792337381369	0.2583424532221112	-0.32200409305581884	-0.32200409305581884
16	-0.06726066081030758	0.6397590442893868	-0.06726066081030758	0.6879933017587303	-0.1264395339264844	-0.1746197905667349	-0.2621067566995915	-0.17482851613969908	-0.07265959870737818	-0.5417803526922325	-0.042762669545634055	0.042762669545634055	-0.5417803526922325	0.00912957807302244	0.1418491525589417	0.04870713912197574	-0.7152338192967731	-0.4437695050047977	-0.16095219545997605	0.27925078747864623	0.27925078747864623	-0.154859225313511	0.4222663979017289	0.4222663979017289	0.5139062382855135	0.5139062382855135	0.5286531402472949	0.5286531402472949	0.6195180861141332	0.6195180861141332	0.730345504415616	-0.4113035823058785	-0.06245191543462468	0.07410685092635932	0.477652469024354	-0.015186439781796462	-0.5803369290761373	-0.2808229823168786	-1.1932619614699194	-0.1796053020267749	-0.17960530202677483	-0.6062752157365718	-0.17960530202677494	1.24284625172354	1.2176545549683329	-0.8453811759736163	0.2766981423582088	-0.8481572241981324	-0.6170081539527638	0.7173626148343386	1.0012361357150237	-0.7295601856708801	-0.08167087398752279	-0.32200409305581895	-0.17960530202677494	-0.32200409305581895	-0.7273901337827591	-0.8227726339094023	0.7173626148343386	1.226562089368087	0.0917251067903235	-0.8602570426072041	-0.7037939748342497	-0.8748811459463132	-0.17960530202677494	-0.8463479522214601	-0.5231047697028309	0.8474140525357813	0.762743659768994	0.44629052701717137	0.15321896414324446	1.5309306286833162	-0.17960530202677483	-0.17960530202677494	-0.5788979094473731	0.508364463331653	-0.15247640967415252	-0.5513594063321234	-0.8618493953734623	0.3220040930558185	0.3220040930558185	-0.32200409305581884	-0.32200409305581884	-0.8618493953734623	-0.5513594063321234	-0.8485124243763027	-0.032827787395138794	-0.0669349440752082	-0.0669349440752082	1.2827800295916942	0.3527452610151683	-0.4540606875676311	-0.21953204662693043	-0.32200409305581884	-0.617277819525359	-0.617277819525359	-0.17960530202677477	-0.17960530202677488	0.16902079048377464	-0.32200409305581884	-0.32200409305581884	-0.17960530202677485	-0.17960530202677485	-0.17960530202677488	-0.5964792337381369	0.2583424532221112	-0.32200409305581884	-0.32200409305581884
17	-0.004298251577978703	-0.8053631578663878	-0.004298251577978703	-0.5822046328010932	-0.1574420640614699	0.25628371517041054	0.18508028561406908	0.2561861237084905	0.34967431877925786	0.13577575062887395	-0.042762669545634055	0.042762669545634055	0.13577575062887395	-0.034828253693233474	-0.5018696385022876	-0.882894401805151	-0.06507808399589306	0.02503464331782667	0.28260880137571953	0.5451730293758844	0.5451730293758844	0.16909515542313824	0.5550935447646839	0.5550935447646839	0.6846023812478802	0.6846023812478802	0.8894237980152091	0.8894237980152091	0.49886910537305074	0.49886910537305074	0.6145362428458762	-0.2573971524948194	0.3477638685795941	0.056984707477360126	-0.2284466732913761	0.33067812366378097	0.37322797887302206	-0.3187991261425129	-0.07607381029503657	-0.1796053020267749	-0.17960530202677483	-0.6062752157365718	-0.17960530202677494	1.24284625172354	0.6646098482895894	-0.9202046318708534	0.2766981423582088	-0.09150025031170947	-0.6170081539527638	-0.36347062271759095	1.6745464276067041	-0.7295601856708801	-0.08167087398752279	-0.32200409305581895	-0.17960530202677494	-0.32200409305581895	0.12262526996142771	-0.8227726339094023	-0.36347062271759095	1.226562089368087	0.0917251067903235	-0.021662543469504542	-0.29743418889208045	-0.05205969961827033	-0.17960530202677494	0.14851348151524557	0.6125106657393158	1.0018055429496575	-0.8870363086908366	0.7357476786746011	-1.2717480788174678	1.5309306286833162	-0.17960530202677483	-0.17960530202677494	0.030301896189150548	0.508364463331653	0.24142098198407516	0.4540606875676312	-0.09849707375696705	0.3220040930558185	0.3220040930558185	-0.32200409305581884	-0.32200409305581884	-0.09849707375696705	0.4540606875676312	-0.11784894783004196	-0.032827787395138794	-0.0669349440752082	-0.0669349440752082	0.34292393763989176	0.5561160777175272	0.5513594063321234	-0.21953204662693043	-0.32200409305581884	-0.617277819525359	-0.617277819525359	-0.17960530202677477	-0.17960530202677488	0.16902079048377464	-0.32200409305581884	-0.32200409305581884	-0.17960530202677485	-0.17960530202677485	-0.17960530202677488	-0.5964792337381369	0.2583424532221112	-0.32200409305581884	-0.32200409305581884
18	-0.07330318890614787	1.1648132578197827	-0.07330318890614787	2.710335941321647	-0.5859091795347064	-0.2289170258668206	-0.2621067566995915	-0.22914419753187276	-0.21343757120292353	-0.010978371784952022	1.6826302334969196	-1.6826302334969196	-0.010978371784952022	-0.6941957301870829	-0.5603895285987631	-0.6843563684928125	-0.5446464396594405	-0.049021563369006704	-0.16095219545997605	0.19562287396197597	0.19562287396197597	-0.154859225313511	0.22411565367958675	0.22411565367958675	0.2608001148690391	0.2608001148690391	0.35677108596913265	0.35677108596913265	0.4842658099252159	0.4842658099252159	-0.10927164196499653	-0.4113035823058785	-0.18603522033145442	-0.14651834116294027	0.20201658134441322	-0.060831385495661174	-1.5339018370252966	-0.2808229823168786	-0.07607381029503657	-0.1796053020267749	-0.17960530202677483	0.5683830147530343	-0.17960530202677494	0.03293790723891165	1.1824392292152661	0.10990453344455137	-1.438830340262685	-0.8943862073229621	0.5002944954847963	0.7173626148343386	0.26746964636764103	-0.7295601856708801	-0.08167087398752279	-0.32200409305581895	-0.17960530202677494	-0.32200409305581895	-1.158229397532782	0.3362960493033944	0.7173626148343386	1.226562089368087	0.0917251067903235	-0.9912485708956436	-0.7037939748342497	-0.9251525371708877	-0.17960530202677494	-0.9075572003300055	-0.4638568425567949	0.8474140525357813	1.219944705158918	0.7357476786746011	-0.021248795714726584	0.31272591577707237	-0.17960530202677483	-0.17960530202677494	-0.44161344620534015	-0.06542334346225538	-0.15247640967415252	-1.556779500231878	-0.8618493953734623	0.3220040930558185	0.3220040930558185	-0.32200409305581884	-0.32200409305581884	-0.8618493953734623	-1.556779500231878	-0.8485124243763027	-0.032827787395138794	-0.0669349440752082	-0.0669349440752082	1.5038601768568234	0.21345895978279603	-1.4594807814673856	-1.5806307357138984	-0.32200409305581884	0.5083464396091193	0.5083464396091193	-0.17960530202677477	-0.17960530202677488	0.16902079048377464	-0.32200409305581884	-0.32200409305581884	-0.17960530202677485	-0.17960530202677485	-0.17960530202677488	0.636244515987346	0.2583424532221112	-0.32200409305581884	-0.32200409305581884
19	-0.06272369878137606	0.034571559884322325	-0.06272369878137606	0.24676670552755048	1.5080911934483539	0.20198647987032486	0.18508028561406908	0.2018704423163168	0.2088963462837125	0.05061793624333455	-0.02317064157989481	0.02317064157989481	0.05061793624333455	0.30218178984806787	0.1711090976071795	-0.18037520700764392	0.10013560392021535	0.277422323331974	0.2574146626643799	0.4238663718870851	0.4238663718870851	0.22167341600346613	0.37146024121205684	0.37146024121205684	0.37597124507623736	0.37597124507623736	0.5143415375839245	0.5143415375839245	0.5656044055868195	0.5656044055868195	-0.22508090353473625	-0.22661572928674556	0.22367068050098202	0.2053556930742009	-0.026092780157133698	0.2850331779499163	-0.5803369290761373	-0.2808229823168786	-0.07607381029503657	-0.1796053020267749	-0.17960530202677483	0.5683830147530343	-0.17960530202677494	0.03293790723891165	-0.026377898699746705	0.9155433310682441	0.2766981423582088	-0.1377292334365392	0.5002944954847963	0.7173626148343386	0.2293800274578201	-0.7295601856708801	-0.08167087398752279	-0.32200409305581895	-0.17960530202677494	-0.32200409305581895	-0.2682903080759579	0.3362960493033944	0.7173626148343386	0.3211195394354212	0.0917251067903235	-0.15265407175794388	-0.2609473450805065	-0.1023310908428449	-0.17960530202677494	0.7024153523964982	0.5099318816498335	0.3447567486486373	-0.8870363086908366	0.7357476786746011	-0.021248795714726584	0.31272591577707237	-0.17960530202677483	-0.17960530202677494	0.1590060804785561	-0.06542334346225538	0.24142098198407516	-0.5513594063321234	-0.09849707375696705	0.3220040930558185	0.3220040930558185	-0.32200409305581884	-0.32200409305581884	-0.09849707375696705	-0.5513594063321234	-0.11784894783004196	-0.032827787395138794	-0.0669349440752082	-0.0669349440752082	0.41098943927146997	0.40707778500059094	-0.4540606875676311	-0.21953204662693043	-0.32200409305581884	0.5083464396091193	0.5083464396091193	-0.17960530202677477	-0.17960530202677488	-1.140890335765479	-0.32200409305581884	-0.32200409305581884	-0.17960530202677485	-0.17960530202677485	-0.17960530202677488	0.636244515987346	0.2583424532221112	-0.32200409305581884	-0.32200409305581884
20	-0.38861897257528916	0.6904976648074751	-0.38861897257528916	0.13376881922938433	0.1306935584816821	-0.9302024488547477	-0.9335441671914199	-0.9301873921439054	-0.9173274336806503	-0.010978371784944735	-0.0382174991900663	0.0382174991900663	-0.010978371784944735	-0.660704048841363	-0.3095899996138677	0.17088439039110773	-0.12608515490632186	-0.8768111739712118	-0.9192584458138258	-0.8548235854105919	-0.8548235854105919	-0.9698950086666096	-0.8415586390887909	-0.8415586390887909	-0.6149344561558093	-0.6149344561558093	-0.44527925994174145	-0.44527925994174145	-0.6572197230827984	-0.6572197230827984	0.730345504415616	-0.6419388596103093	-0.9112025807395299	-1.0581652832232606	-0.8763618544743862	-0.9335429653658078	-0.5803369290761373	-1.4862698064007047	-0.07607381029503657	-0.1796053020267749	-0.17960530202677483	-0.6062752157365718	-0.17960530202677494	0.03293790723891165	0.47530295070023476	-0.7705577200763787	0.2766981423582088	-0.8481572241981324	-0.6170081539527638	-0.36347062271759095	0.16892383000211797	-0.7295601856708801	-0.08167087398752279	-0.32200409305581895	-0.17960530202677494	-0.32200409305581895	-0.7273901337827594	-0.8227726339094023	-0.36347062271759095	0.2502000856694572	0.0917251067903235	-0.8602570426072041	-0.7037939748342497	-0.8748811459463132	-0.17960530202677494	-0.3652752669239046	-1.3943147098199768	0.24182908837271985	1.219944705158918	-0.7480941487327601	-0.021248795714726584	0.31272591577707237	-0.17960530202677483	-0.17960530202677494	-0.9221090675524575	0.327168313817787	-0.9402711929906078	-0.5513594063321234	-0.8618493953734623	0.3220040930558185	0.3220040930558185	-0.32200409305581884	-0.32200409305581884	-0.8618493953734623	-0.5513594063321234	-0.8485124243763027	-1.0504891966444423	-0.0669349440752082	-0.0669349440752082	0.6073281483460252	-0.9239297384781984	-0.4540606875676311	-0.21953204662693043	-0.32200409305581884	-0.617277819525359	-0.617277819525359	-0.17960530202677477	-0.17960530202677488	0.16902079048377464	-0.32200409305581884	-0.32200409305581884	-0.17960530202677485	-0.17960530202677485	-0.17960530202677488	-0.5964792337381369	-1.7438115592492507	-0.32200409305581884	-0.32200409305581884
21	0.10540781020891865	-1.4529042081330377	0.10540781020891865	-1.0241716951528663	-0.731967134507286	1.0094962560445302	1.0794543702413903	1.0095840406205236	0.9127862087614392	0.8109138488136859	-0.042095755063153474	0.042095755063153474	0.8109138488136859	1.4428311679878545	1.154693404228705	0.7112837710045755	1.1897231015426257	1.334125059407493	1.0409150517295693	0.6141577993369295	0.6141577993369295	1.0181441502351782	0.3060095166850157	0.3060095166850157	0.17694176679302734	0.17694176679302734	0.06007805308717533	0.06007805308717533	-0.020989063236938506	-0.020989063236938506	-1.2094596268775222	0.5371062750530496	0.93586935286051	0.7137044467416755	0.28740424342249027	0.9270131136240412	1.3267928868221814	1.0583247818158963	1.0411143408798462	-0.1796053020267749	-0.17960530202677483	0.5683830147530343	-0.17960530202677494	1.24284625172354	-1.9261827736040942	0.7658964192737696	0.2766981423582088	1.3755847143363067	0.5002944954847963	-0.36347062271759095	-1.4733342028778122	1.326473064856146	1.5736719431992654	-0.32200409305581895	-0.17960530202677494	-0.32200409305581895	1.5115878708376898	0.3362960493033944	-0.36347062271759095	-2.4661275641285405	2.427322518750048	1.5245349265174548	1.4371849906009315	1.5433118018132408	-0.17960530202677494	0.7024153523964982	-1.2108225701127346	-1.0560885377528728	-1.3442373540807608	1.8562371592467266	1.4037182472459855	-1.0754408676245875	-0.17960530202677483	-0.17960530202677494	1.4374676444199916	-1.2129989570500734	1.0292157653005305	1.4594807814673858	1.4282075694760235	0.3220040930558185	0.3220040930558185	-0.32200409305581884	-0.32200409305581884	1.4282075694760235	1.4594807814673858	1.3434780052624795	0.9848336218541648	-0.0669349440752082	-0.0669349440752082	-1.857896010591164	0.7940368071080491	1.5567795002318778	1.1415666424600375	-0.32200409305581884	0.5083464396091193	0.5083464396091193	-0.17960530202677477	-0.17960530202677488	4.098754169231535	-0.32200409305581884	-0.32200409305581884	-0.17960530202677485	-0.17960530202677485	-0.17960530202677488	0.636244515987346	0.2583424532221112	-0.32200409305581884	-0.32200409305581884
22	0.5613504351724049	-1.486161724655557	0.5613504351724049	-0.5149826763240857	-0.6032416794386752	2.195982420069693	2.1980788230468793	2.1959575564729183	2.1797879612213475	3.506719564231943	-1.246333821401239	1.246333821401239	3.506719564231943	0.627570797405185	0.2871399141777771	-0.2167124067385502	-0.8791993204663677	1.971425744097448	2.139160694312913	2.1447075108060516	2.1447075108060516	2.2315840127224127	2.0136390004376246	2.0136390004376246	1.512686707550159	1.512686707550159	1.0441275567271804	1.0441275567271804	0.8285180467182564	0.8285180467182564	-1.8753628809035257	4.093921259212945	2.133088924315977	2.4576102888125284	3.2725169000727297	2.2183741469590714	1.2577637773241783	-0.3187991261425129	1.2002218187884723	5.388159060803248	5.388159060803245	1.7430412452426407	-0.17960530202677494	0.03293790723891165	-0.7335141772147781	1.0651902428627193	0.2766981423582088	2.0312378736549426	1.6535433506491222	-0.36347062271759095	0.9026903193495006	1.326473064856146	-0.08167087398752279	-0.32200409305581895	-0.17960530202677494	-0.32200409305581895	1.5800790352314746	2.640490799044629	-0.36347062271759095	0.3211195394354212	0.0917251067903235	1.7761547292740463	1.8702618722244282	1.4930404105886665	-0.17960530202677494	0.7024153523964982	-0.1777859187600697	-0.39903974345185306	-0.7762343911676794	0.5540715052569832	0.15321896414324446	-1.0754408676245875	5.388159060803246	-0.17960530202677494	2.1753716343459213	-0.38973819078055155	2.2109079402752134	0.4540606875676312	2.1915598910925187	0.3220040930558185	0.3220040930558185	-0.32200409305581884	-0.32200409305581884	2.1915598910925187	0.4540606875676312	2.0741414818087405	2.0024950311034684	-0.0669349440752082	-0.0669349440752082	-1.0139262649315857	2.137192525693326	0.5513594063321234	-0.21953204662693043	-0.32200409305581884	1.6339706987435976	1.6339706987435976	-0.17960530202677477	-0.17960530202677488	0.16902079048377464	-0.32200409305581884	-0.32200409305581884	5.388159060803246	5.388159060803246	-0.17960530202677488	0.636244515987346	0.2583424532221112	-0.32200409305581884	-0.32200409305581884
23	0.9058634094806105	0.6173312615389496	0.9058634094806105	-0.2148598099867256	0.1097001489580529	0.1476892445702407	0.18508028561406908	0.14755476092414307	0.06811837378816717	-0.01096824639591708	1.682634435323441	-1.682634435323441	-0.01096824639591708	-0.034828253693233474	-0.16538027044755405	-0.5316348044063955	0.9838141922262511	0.6805290751635269	0.2574146626643799	0.34023845837041483	0.34023845837041483	0.2126908554887102	0.13432456180644015	0.13432456180644015	0.22778581820040297	0.22778581820040297	-0.10691619639001992	-0.10691619639001992	0.19542727184651784	0.19542727184651784	-1.064698049915348	-0.2500022853466178	0.09972587732426351	-0.012747149061405196	-0.04877072763398469	0.23938823223605157	-1.5339018370252966	0.9246238417669475	-0.07607381029503657	-0.1796053020267749	-0.17960530202677483	1.7430412452426407	-0.17960530202677494	0.03293790723891165	-0.7335141772147766	1.945652496383649	-1.438830340262685	-0.18395821656136865	1.6175971449223565	0.7173626148343386	-0.5043864618895626	-0.7295601856708801	-0.08167087398752279	-0.32200409305581895	-0.17960530202677494	-0.32200409305581895	-0.6991295718259807	1.4953647325161912	0.7173626148343386	0.3211195394354212	0.0917251067903235	-0.2836456000463835	-0.7037939748342497	-0.1526024820674192	-0.17960530202677494	1.171524622938234	1.623881888620258	-0.3122920456523829	-0.8870363086908366	0.7357476786746011	-0.021248795714726584	0.31272591577707237	-0.17960530202677483	-0.17960530202677494	0.2962905437205897	-0.6392111502561652	0.24142098198407516	-1.556779500231878	-0.09849707375696705	0.3220040930558185	0.3220040930558185	-0.32200409305581884	-0.32200409305581884	-0.09849707375696705	-1.556779500231878	-0.11784894783004196	-0.032827787395138794	-0.0669349440752082	-0.0669349440752082	0.632069586536599	0.26779148376821676	-1.4594807814673856	-1.5806307357138984	-0.32200409305581884	1.6339706987435976	1.6339706987435976	-0.17960530202677477	-0.17960530202677488	0.16902079048377464	-0.32200409305581884	-0.32200409305581884	-0.17960530202677485	-0.17960530202677485	-0.17960530202677488	1.8689682657128288	2.260496465693473	-0.32200409305581884	-0.32200409305581884
24	0.05224858039254991	0.18626574432288462	0.05224858039254991	-0.31153797882177064	1.6939018004883821	0.6328899856074719	0.6322673279277297	0.6328850821645063	0.6312302637703485	0.13463609062499052	-0.042354493888725746	0.042354493888725746	0.13463609062499052	0.8953194664807564	0.8440878337166448	0.6204966750615143	0.136525217934296	0.453648140412539	0.5973540548938736	0.5348187632698143	0.5348187632698143	0.6941897694985306	0.6031992409650956	0.6031992409650956	0.48514921804509137	0.48514921804509137	0.33456813186149165	0.33456813186149165	0.6471167540078007	0.6471167540078007	-0.340890165104476	0.16641923161370217	0.6350044355987026	0.9432712125719416	1.2429003314560219	0.6308977413954937	0.37322797887302206	-0.10914589844229526	1.0411143408798462	-0.1796053020267749	-0.17960530202677483	0.5683830147530343	-0.17960530202677494	0.03293790723891165	-0.18046947053603593	0.10990453344455137	0.2766981423582088	0.6189277404498841	0.5002944954847963	0.7173626148343399	-0.6029322782550857	1.326473064856146	-0.08167087398752279	-0.32200409305581895	-0.17960530202677494	-0.32200409305581895	0.6615724670935029	0.3362960493033944	0.7173626148343399	-0.6552424642632088	0.0917251067903235	0.6859404273797558	-0.2609473450805065	0.7204903554851982	-0.17960530202677494	1.7584860342417494	0.6934240213570753	-0.3122920456523829	-0.8870363086908366	-0.7480941487327601	-0.021248795714726584	0.31272591577707237	-0.17960530202677483	-0.17960530202677494	0.7253044913519437	-0.06542334346225538	0.6353183736423028	0.4540606875676312	0.6648552478595282	0.3220040930558185	0.3220040930558185	-0.32200409305581884	-0.32200409305581884	0.6648552478595282	0.4540606875676312	0.6128145287162189	0.9848336218541648	-0.0669349440752082	-0.0669349440752082	-0.6801823154338437	0.6037615218278208	0.5513594063321234	1.1415666424600375	-0.32200409305581884	0.5083464396091193	0.5083464396091193	-0.17960530202677477	-0.17960530202677488	0.16902079048377464	-0.32200409305581884	-0.32200409305581884	-0.17960530202677485	-0.17960530202677485	-0.17960530202677488	0.636244515987346	0.2583424532221112	-0.32200409305581884	-0.32200409305581884
25	-0.5134064055828471	0.7068552229674424	-0.5134064055828471	-0.04490689394692525	0.12413995723508475	-1.307993777998755	-1.2692628724373332	-1.3078668301460086	-1.3396613511672864	-0.0114769809806678	-0.03821749940826465	0.03821749940826465	-0.0114769809806678	-0.2370342798180132	0.4403005920509649	1.2949151020671168	-1.4201313346760596	-1.302776589587168	-1.3628194426495213	-1.5181850690985301	-1.5181850690985301	-1.2884947180797492	-1.3666659107317323	-1.3666659107317323	-1.5147755179658002	-1.5147755179658002	-1.426990478771149	-1.426990478771149	-1.2787185198268964	-1.2787185198268964	0.730345504415616	-0.6857518780412192	-1.3321123048133803	-1.0726056018728767	-1.1771347755771304	-1.3927212281578134	-0.5803369290761373	-1.4862698064007047	-0.07607381029503657	-0.1796053020267749	-0.17960530202677483	-0.6062752157365718	-0.17960530202677494	-1.3457750110251923	0.5266668079789969	-0.7705577200763787	0.2766981423582088	-0.8481572241981324	-0.6170081539527638	-0.27161923697239615	-0.6633884757107877	-0.7295601856708801	-0.08167087398752279	-0.32200409305581895	-0.17960530202677494	-0.32200409305581895	-0.7273901337827594	-0.8227726339094023	-0.27161923697239615	-0.7261619180291727	0.0917251067903235	-0.8602570426072041	-0.7037939748342497	-0.8748811459463132	-0.17960530202677494	-0.8463479522214601	-1.3943147098199768	0.8474140525357827	1.219944705158918	-0.7480941487327601	-0.021248795714726584	-1.0754408676245875	-0.17960530202677483	-0.17960530202677494	-1.1194554834628803	0.22147055993469947	-1.3341685846488356	-0.5513594063321234	-0.8618493953734623	0.3220040930558185	0.3220040930558185	-0.32200409305581884	-0.32200409305581884	-0.8618493953734623	-0.5513594063321234	-0.8485124243763027	-1.0504891966444423	-0.0669349440752082	-0.0669349440752082	0.19309488490641502	-1.5671432339671636	-0.4540606875676311	-0.21953204662693043	-0.32200409305581884	-0.617277819525359	-0.617277819525359	-0.17960530202677477	-0.17960530202677488	0.16902079048377464	-0.32200409305581884	-0.32200409305581884	-0.17960530202677485	-0.17960530202677485	-0.17960530202677488	-0.5964792337381369	-1.7438115592492507	-0.32200409305581884	-0.32200409305581884
26	0.03389539042553838	-1.5212743525334156	0.03389539042553838	-0.0688831644495796	0.8118857724839823	0.6328899856074719	0.6322673279277313	0.6328850821645079	0.6312302637703485	0.19988538715807408	0.016354741527702502	-0.016354741527702502	0.19988538715807408	0.24826018288145849	-0.12500154628098697	-0.728340178949698	0.6558173419530071	0.7501873307793623	0.7009756595000756	0.6897886137843233	0.6897886137843233	0.5456277967401137	0.5042873880750118	0.5042873880750118	0.5923656641494762	0.5923656641494762	0.7509228096823121	0.7509228096823121	0.46595456503217264	0.46595456503217264	-0.34089016510447534	-0.014886518622159492	0.6350044355987026	0.19607949181675555	0.029994438465168777	0.6308977413954937	0.37322797887302206	-1.4862698064007047	2.1231068309424628	-0.1796053020267749	-0.17960530202677483	0.5683830147530343	-0.17960530202677494	0.03293790723891165	-0.026377898699748156	0.03508107754731437	0.2766981423582088	0.6189277404498841	0.5002944954847963	-0.36347062271759095	0.9026903193495006	-0.7295601856708801	-0.08167087398752279	-0.32200409305581895	-0.17960530202677494	-0.32200409305581895	0.5817250956682289	0.3362960493033944	-0.36347062271759095	0.3211195394354212	0.0917251067903235	0.6859404273797552	0.538273431107975	0.7204903554851982	-0.17960530202677494	0.16469977444570924	0.6934240213570753	-0.3122920456523829	-0.31903334577775516	-0.7480941487327601	1.4037182472459855	-1.0754408676245875	-0.17960530202677483	-0.17960530202677494	0.7682058861150782	-0.06542334346225538	0.6353183736423028	0.4540606875676312	0.6648552478595282	0.3220040930558185	0.3220040930558185	-0.32200409305581884	-0.32200409305581884	0.6648552478595282	0.4540606875676312	0.6128145287162189	-0.032827787395138794	-0.0669349440752082	-0.0669349440752082	-0.5288666526803331	0.610448601702948	0.5513594063321234	-0.21953204662693043	-0.32200409305581884	0.5083464396091193	0.5083464396091193	-0.17960530202677477	-0.17960530202677488	0.16902079048377464	-0.32200409305581884	-0.32200409305581884	-0.17960530202677485	-0.17960530202677485	-0.17960530202677488	0.636244515987346	0.2583424532221112	-0.32200409305581884	-0.32200409305581884
27	0.11131884332671144	1.1237311478385252	0.11131884332671144	2.2615907662836485	-1.0321411784749555	0.14887430327718504	0.07361194854632262	0.14853524047023042	0.2088963462837125	-0.01097837178495136	1.6828403145441027	-1.6828403145441027	-0.01097837178495136	-0.034828253693233474	-0.16538027044755405	-0.5316348044063955	-0.09819822777920008	0.2455806229663953	0.2574146626643799	0.821305613677785	0.821305613677785	0.2126908554887118	0.81988848960581	0.81988848960581	1.0192392546623468	1.0192392546623468	0.7870209223257217	0.7870209223257217	1.4064610663716184	1.4064610663716184	-0.10927164196499653	-0.2640120993613521	0.2407782660395106	0.235616447497194	0.2516239030636778	0.39834687729634144	-1.5339018370252966	-0.2808229823168786	-0.07607381029503657	-0.1796053020267749	-0.17960530202677483	0.5683830147530343	-0.17960530202677494	1.411650825503016	1.131075371936504	0.10990453344455137	-1.438830340262685	-0.8943862073229621	0.5002944954847963	1.7981958523862702	0.3279258438233449	-0.7295601856708801	-0.08167087398752279	-0.32200409305581895	-0.17960530202677494	-0.32200409305581895	-1.158229397532782	0.3362960493033944	1.7981958523862702	1.2974815431340532	0.0917251067903235	-0.9912485708956436	-0.7037939748342497	-0.9251525371708877	-0.17960530202677494	-0.38180503713503594	0.4882664531781106	-0.4152197059282996	1.219944705158918	-0.7480941487327601	1.4037182472459855	1.700892699178732	-0.17960530202677483	-0.17960530202677494	-0.2528473092475447	0.038901712318455836	0.24142098198407516	-1.556779500231878	-0.8618493953734623	0.3220040930558185	0.3220040930558185	-0.32200409305581884	-0.32200409305581884	-0.8618493953734623	-1.556779500231878	-0.8485124243763027	-0.032827787395138794	-0.0669349440752082	-0.0669349440752082	1.7650787946628832	0.8469204637871973	-1.4594807814673856	-1.5806307357138984	-0.32200409305581884	0.5083464396091193	0.5083464396091193	-0.17960530202677477	-0.17960530202677488	0.16902079048377464	-0.32200409305581884	-0.32200409305581884	-0.17960530202677485	-0.17960530202677485	-0.17960530202677488	0.636244515987346	0.2583424532221112	-0.32200409305581884	-0.32200409305581884
28	-0.12860686421976067	1.1901667885510727	-0.12860686421976067	2.987275820773665	-0.13794864941386017	-0.6067083550108278	-0.5978254619455057	-0.606823635533976	-0.6357714886895596	-0.011476980980676413	1.6826302334965082	-1.6826302334965082	-0.011476980980676413	-0.31056374386338925	0.10992921250631901	0.2986151530815632	-1.6848532601158523	-0.48604516102418044	-0.6045131922956717	-0.46773860972596215	-0.46773860972596215	-0.4734589347266506	-0.3009916179633545	-0.3009916179633545	-0.6390409469409518	-0.6390409469409518	-0.6249401328602683	-0.6249401328602683	-0.13723298681888077	-0.13723298681888077	-0.10927164196499653	-0.5177245438802368	-0.6108834261887602	-0.13961643760607986	-0.08091917575354521	-0.5200096482876699	-1.5339018370252966	-0.2808229823168786	-0.07607381029503657	-0.1796053020267749	-0.17960530202677483	0.5683830147530343	-0.17960530202677494	-1.3457750110251923	1.2338030864940281	0.10990453344455137	-1.438830340262685	-0.8943862073229621	0.5002944954847963	0.8092140005795341	-0.5648426593452647	-0.7295601856708801	-0.08167087398752279	-0.32200409305581895	-0.17960530202677494	-0.32200409305581895	-1.158229397532782	0.3362960493033944	0.8092140005795341	0.2502000856694572	0.0917251067903235	-0.9912485708956436	-0.7037939748342497	-0.9251525371708877	-0.17960530202677494	-1.388629885627561	0.4882664531781106	0.8474140525357813	1.219944705158918	0.7357476786746011	-0.021248795714726584	-1.0754408676245875	-0.17960530202677483	-0.17960530202677494	-0.6389598621157628	-0.1801809048210368	-0.5463738013323801	-1.556779500231878	-0.8618493953734623	0.3220040930558185	0.3220040930558185	-0.32200409305581884	-0.32200409305581884	-0.8618493953734623	-1.556779500231878	-0.8485124243763027	-0.032827787395138794	-0.0669349440752082	-0.0669349440752082	1.0896269134172132	-0.4297545357061693	-1.4594807814673856	-1.5806307357138984	-0.32200409305581884	0.5083464396091193	0.5083464396091193	-0.17960530202677477	-0.17960530202677488	0.16902079048377464	-0.32200409305581884	-0.32200409305581884	-0.17960530202677485	-0.17960530202677485	-0.17960530202677488	0.636244515987346	0.2583424532221112	-0.32200409305581884	-0.32200409305581884
29	0.15293002162545277	-1.4364439874741588	0.15293002162545277	-0.6480908703987602	-0.9320554472053731	1.4415848204886246	1.4151730754873044	1.4415791600147991	1.4758980987436205	0.8109138484922033	-0.04232119846064358	0.04232119846064358	0.8109138484922033	1.0510929977176249	0.5449861732235493	-0.14134636285222582	1.0582077250487194	1.2275609204214033	1.4592819098539236	1.4264237448828627	1.4264237448828627	1.3856942310374012	1.3463593227211215	1.3463593227211215	1.4032398182352797	1.4032398182352797	1.108704962246827	1.108704962246827	1.1329333432121906	1.1329333432121906	-0.45669942667421576	1.147678458145974	1.479220766184829	1.291130703307254	1.29340994351681	1.4359405676330799	1.3267928868221814	1.0583247818158963	1.0411143408798462	-0.1796053020267749	-0.17960530202677483	0.5683830147530343	-0.17960530202677494	1.411650825503016	-0.7335141772147781	-0.03974237834992343	0.2766981423582088	1.3755847143363067	0.5002944954847963	0.7173626148343386	0.1308342110922953	1.326473064856146	-0.08167087398752279	-0.32200409305581895	-0.17960530202677494	-0.32200409305581895	1.5115878708376898	0.3362960493033944	0.7173626148343386	-0.5843230104972447	0.0917251067903235	1.5245349265174548	1.4371849906009315	1.5433118018132408	-0.17960530202677494	1.2281675155914673	-1.2108225701127346	-0.969340839953403	-0.8870363086908366	-0.7480941487327601	2.828685290206698	-1.0754408676245875	-0.17960530202677483	-0.17960530202677494	1.523270433946262	0.038901712318455836	1.423113156958758	1.4594807814673858	1.4282075694760235	0.3220040930558185	0.3220040930558185	-0.32200409305581884	-0.32200409305581884	1.4282075694760235	1.4594807814673858	1.3434780052624795	0.9848336218541648	-0.0669349440752082	-0.0669349440752082	-1.3588197895795873	1.440593842534579	1.5567795002318778	1.1415666424600375	-0.32200409305581884	0.5083464396091193	0.5083464396091193	-0.17960530202677477	-0.17960530202677488	0.16902079048377464	-0.32200409305581884	-0.32200409305581884	-0.17960530202677485	-0.17960530202677485	-0.17960530202677488	0.636244515987346	0.2583424532221112	-0.32200409305581884	-0.32200409305581884
30	4.146915046910289	-1.9416145663955597	4.146915046910289	-0.8248922051768228	-1.3349927960588388	1.9261122327150912	1.9461849780983993	1.926370905552828	1.8982320162302566	0.8109146285421063	0.014153226662448865	-0.014153226662448865	0.8109146285421063	0.9762018769306687	0.26724891705138853	-0.6319946893774675	2.474924330043516	1.7443015280379113	1.902842906689619	1.6425576444595613	1.6425576444595613	1.7186311722888048	1.4348376664431939	1.4348376664431939	1.4681596619514685	1.4681596619514685	1.3295102780350923	1.3295102780350923	0.910095415260779	0.910095415260779	-0.6593656344212603	2.022686748921731	1.8816093478520437	1.2592083111567827	0.4372390331033182	1.7364497121841254	1.3267928868221814	2.2399085783479995	1.0411143408798462	-0.1796053020267749	-0.17960530202677483	0.5683830147530343	5.388159060803247	1.411650825503016	-2.495376011808533	1.6463586727947	0.2766981423582088	2.0261321230186553	0.5002944954847963	-0.36347062271759034	0.8122838992005805	1.326473064856146	-0.08167087398752279	-0.32200409305581895	5.388159060803247	-0.32200409305581895	1.9615993555484796	0.3362960493033944	-0.36347062271759034	-0.5843230104972447	0.0917251067903235	1.5245349265174555	2.670665932270282	1.5433118018132408	5.388159060803247	0.8364537860887408	0.8552507325925952	-3.027234920655933	-1.3442373540807608	3.521755160071706	0.15321896414324446	-2.4636076510262472	-0.17960530202677483	5.388159060803248	0.5924919310351997	0.038901712318455836	1.8170105486169859	1.4594807814673858	1.4282075694760235	0.3220040930558185	0.3220040930558185	-0.32200409305581884	-0.32200409305581884	1.4282075694760235	1.4594807814673858	2.0741414818087405	0.9848336218541648	-0.0669349440752082	-0.0669349440752082	-1.2610220875473184	1.4892144857933296	1.5567795002318778	1.1415666424600375	-0.32200409305581884	0.5083464396091193	0.5083464396091193	-0.17960530202677477	5.388159060803247	0.16902079048377464	-0.32200409305581884	-0.32200409305581884	-0.17960530202677485	-0.17960530202677485	5.388159060803247	0.636244515987346	0.2583424532221112	-0.32200409305581884	-0.32200409305581884
